BUSINESS_YEAR,ANNUAL_INTEREST
2000,16838473243.2403
2001,16845983831.4135
2002,16829028017.4453
2003,16865032222.4711
2004,16836628502.0318
2005,16830155717.4937
2006,16844242107.7005
2007,16807386888.8937
2008,16844388642.1002
2009,16755013079.0392
2010,16807050123.9354
2011,16785234221.6658
2012,16815568341.1185
2013,16770253608.2096
2014,16807901069.0151
2015,16753607422.8271
2016,16813748950.4174
2017,16801674818.026
